Mike Budenholzer,Atlanta Hawks
Mike,Atlanta Hawks
Budenholzer,Atlanta Hawks
Mike Budenholzer,Atlanta
Mike Budenholzer,Hawks
Mike,Atlanta
Budenholzer,Atlanta
Mike,Hawks
Budenholzer,Hawks
Mike Budenholzer,Atlanta
Mike Budenholzer,Hawks
Brad Stevens,Boston Celtics
Brad,Boston Celtics
Stevens,Boston Celtics
Brad Stevens,Boston
Brad Stevens,Celtics
Brad,Boston
Stevens,Boston
Brad,Celtics
Stevens,Celtics
Brad Stevens,Boston
Brad Stevens,Celtics
Kenny Atkinson,Brooklyn Nets
Kenny,Brooklyn Nets
Atkinson,Brooklyn Nets
Kenny Atkinson,Brooklyn
Kenny Atkinson,Nets
Kenny,Brooklyn
Atkinson,Brooklyn
Kenny,Nets
Atkinson,Nets
Kenny Atkinson,Brooklyn
Kenny Atkinson,Nets
Steve Clifford,Charlotte Hornets
Steve,Charlotte Hornets
Clifford,Charlotte Hornets
Steve Clifford,Charlotte
Steve Clifford,Hornets
Steve,Charlotte
Clifford,Charlotte
Steve,Hornets
Clifford,Hornets
Steve Clifford,Charlotte
Steve Clifford,Hornets
Fred Hoiberg,Chicago Bulls
Fred,Chicago Bulls
Hoiberg,Chicago Bulls
Fred Hoiberg,Chicago
Fred Hoiberg,Bulls
Fred,Chicago
Hoiberg,Chicago
Fred,Bulls
Hoiberg,Bulls
Fred Hoiberg,Chicago
Fred Hoiberg,Bulls
Tyronn Lue,Cleveland Cavaliers
Tyronn,Cleveland Cavaliers
Lue,Cleveland Cavaliers
Tyronn Lue,Cleveland
Tyronn Lue,Cavaliers
Tyronn,Cleveland
Lue,Cleveland
Tyronn,Cavaliers
Lue,Cavaliers
Tyronn Lue,Cleveland
Tyronn Lue,Cavaliers
Stan Van Gundy,Detroit Pistons
Stan,Detroit Pistons
Gundy,Detroit Pistons
Stan Van Gundy,Detroit
Stan Van Gundy,Pistons
Stan,Detroit
Gundy,Detroit
Stan,Pistons
Gundy,Pistons
Stan Van Gundy,Detroit
Stan Van Gundy,Pistons
Nate McMillan,Indiana Pacers
Nate,Indiana Pacers
McMillan,Indiana Pacers
Nate McMillan,Indiana
Nate McMillan,Pacers
Nate,Indiana
McMillan,Indiana
Nate,Pacers
McMillan,Pacers
Nate McMillan,Indiana
Nate McMillan,Pacers
Erik Spoelstra,Miami Heat
Erik,Miami Heat
Spoelstra,Miami Heat
Erik Spoelstra,Miami
Erik Spoelstra,Heat
Erik,Miami
Spoelstra,Miami
Erik,Heat
Spoelstra,Heat
Erik Spoelstra,Miami
Erik Spoelstra,Heat
Jason Kidd,Milwaukee Bucks
Jason,Milwaukee Bucks
Kidd,Milwaukee Bucks
Jason Kidd,Milwaukee
Jason Kidd,Bucks
Jason,Milwaukee
Kidd,Milwaukee
Jason,Bucks
Kidd,Bucks
Jason Kidd,Milwaukee
Jason Kidd,Bucks
Kurt Rambis (interim),New York Knicks
Kurt,New York Knicks
(interim),New York Knicks
Kurt Rambis (interim),New
Kurt Rambis (interim),Knicks
Kurt,New
(interim),New
Kurt,Knicks
(interim),Knicks
Kurt Rambis (interim),New
Kurt Rambis (interim),Knicks
interim,New York Knicks
interim,New York Knicks
interim,New York Knicks
interim,New
interim,Knicks
interim,New
interim,New
interim,Knicks
interim,Knicks
interim,New
interim,Knicks
Kurt Rambis,New York Knicks
Kurt,New York Knicks
Rambis,New York Knicks
Kurt Rambis,New
Kurt Rambis,Knicks
Kurt,New
Rambis,New
Kurt,Knicks
Rambis,Knicks
Kurt Rambis,New
Kurt Rambis,Knicks
TBA,Orlando Magic
TBA,Orlando Magic
TBA,Orlando Magic
TBA,Orlando
TBA,Magic
TBA,Orlando
TBA,Orlando
TBA,Magic
TBA,Magic
TBA,Orlando
TBA,Magic
Brett Brown,Philadelphia 76ers
Brett,Philadelphia 76ers
Brown,Philadelphia 76ers
Brett Brown,Philadelphia
Brett Brown,76ers
Brett,Philadelphia
Brown,Philadelphia
Brett,76ers
Brown,76ers
Brett Brown,Philadelphia
Brett Brown,76ers
Dwane Casey,Toronto Raptors
Dwane,Toronto Raptors
Casey,Toronto Raptors
Dwane Casey,Toronto
Dwane Casey,Raptors
Dwane,Toronto
Casey,Toronto
Dwane,Raptors
Casey,Raptors
Dwane Casey,Toronto
Dwane Casey,Raptors
Scott Brooks,Washington Wizards
Scott,Washington Wizards
Brooks,Washington Wizards
Scott Brooks,Washington
Scott Brooks,Wizards
Scott,Washington
Brooks,Washington
Scott,Wizards
Brooks,Wizards
Scott Brooks,Washington
Scott Brooks,Wizards
TBA,Western Conference
TBA,Western Conference
TBA,Western Conference
TBA,Western
TBA,Conference
TBA,Western
TBA,Western
TBA,Conference
TBA,Conference
TBA,Western
TBA,Conference
Rick Carlisle,Dallas Mavericks
Rick,Dallas Mavericks
Carlisle,Dallas Mavericks
Rick Carlisle,Dallas
Rick Carlisle,Mavericks
Rick,Dallas
Carlisle,Dallas
Rick,Mavericks
Carlisle,Mavericks
Rick Carlisle,Dallas
Rick Carlisle,Mavericks
Mike Malone,Denver Nuggets
Mike,Denver Nuggets
Malone,Denver Nuggets
Mike Malone,Denver
Mike Malone,Nuggets
Mike,Denver
Malone,Denver
Mike,Nuggets
Malone,Nuggets
Mike Malone,Denver
Mike Malone,Nuggets
Steve Kerr,Golden State Warriors
Steve,Golden State Warriors
Kerr,Golden State Warriors
Steve Kerr,Golden
Steve Kerr,Warriors
Steve,Golden
Kerr,Golden
Steve,Warriors
Kerr,Warriors
Steve Kerr,Golden
Steve Kerr,Warriors
TBA,Houston Rockets
TBA,Houston Rockets
TBA,Houston Rockets
TBA,Houston
TBA,Rockets
TBA,Houston
TBA,Houston
TBA,Rockets
TBA,Rockets
TBA,Houston
TBA,Rockets
Doc Rivers,L.A. Clippers
Doc,L.A. Clippers
Rivers,L.A. Clippers
Doc Rivers,L.A.
Doc Rivers,Clippers
Doc,L.A.
Rivers,L.A.
Doc,Clippers
Rivers,Clippers
Doc Rivers,L.A.
Doc Rivers,Clippers
Luke Walton,L.A. Lakers
Luke,L.A. Lakers
Walton,L.A. Lakers
Luke Walton,L.A.
Luke Walton,Lakers
Luke,L.A.
Walton,L.A.
Luke,Lakers
Walton,Lakers
Luke Walton,L.A.
Luke Walton,Lakers
TBA,Memphis Grizzlies
TBA,Memphis Grizzlies
TBA,Memphis Grizzlies
TBA,Memphis
TBA,Grizzlies
TBA,Memphis
TBA,Memphis
TBA,Grizzlies
TBA,Grizzlies
TBA,Memphis
TBA,Grizzlies
Tom Thibodeau,Minnesota Timberwolves
Tom,Minnesota Timberwolves
Thibodeau,Minnesota Timberwolves
Tom Thibodeau,Minnesota
Tom Thibodeau,Timberwolves
Tom,Minnesota
Thibodeau,Minnesota
Tom,Timberwolves
Thibodeau,Timberwolves
Tom Thibodeau,Minnesota
Tom Thibodeau,Timberwolves
Alvin Gentry,New Orleans Pelicans
Alvin,New Orleans Pelicans
Gentry,New Orleans Pelicans
Alvin Gentry,New
Alvin Gentry,Pelicans
Alvin,New
Gentry,New
Alvin,Pelicans
Gentry,Pelicans
Alvin Gentry,New
Alvin Gentry,Pelicans
Billy Donovan,Oklahoma City Thunder
Billy,Oklahoma City Thunder
Donovan,Oklahoma City Thunder
Billy Donovan,Oklahoma
Billy Donovan,Thunder
Billy,Oklahoma
Donovan,Oklahoma
Billy,Thunder
Donovan,Thunder
Billy Donovan,Oklahoma
Billy Donovan,Thunder
Earl Watson,Phoenix Suns
Earl,Phoenix Suns
Watson,Phoenix Suns
Earl Watson,Phoenix
Earl Watson,Suns
Earl,Phoenix
Watson,Phoenix
Earl,Suns
Watson,Suns
Earl Watson,Phoenix
Earl Watson,Suns
Terry Stotts,Portland Trail Blazers
Terry,Portland Trail Blazers
Stotts,Portland Trail Blazers
Terry Stotts,Portland
Terry Stotts,Blazers
Terry,Portland
Stotts,Portland
Terry,Blazers
Stotts,Blazers
Terry Stotts,Portland
Terry Stotts,Blazers
Dave Joerger,Sacramento Kings
Dave,Sacramento Kings
Joerger,Sacramento Kings
Dave Joerger,Sacramento
Dave Joerger,Kings
Dave,Sacramento
Joerger,Sacramento
Dave,Kings
Joerger,Kings
Dave Joerger,Sacramento
Dave Joerger,Kings
Gregg Popovich,San Antonio Spurs
Gregg,San Antonio Spurs
Popovich,San Antonio Spurs
Gregg Popovich,San
Gregg Popovich,Spurs
Gregg,San
Popovich,San
Gregg,Spurs
Popovich,Spurs
Gregg Popovich,San
Gregg Popovich,Spurs
Quin Snyder,Utah Jazz
Quin,Utah Jazz
Snyder,Utah Jazz
Quin Snyder,Utah
Quin Snyder,Jazz
Quin,Utah
Snyder,Utah
Quin,Jazz
Snyder,Jazz
Quin Snyder,Utah
Quin Snyder,Jazz
